Common Name,Category,Botanical Name,Land Type,Land Type Width (m),Water Requirement,Sunlight Requirement,Climate,Soil Type,Carbon Sequestration (CO2/year),Pollution Filtration,Maintenance,Height (m),Fruit ,Flower
Checkered Hibiscus,Shrub,Hibiscus radiatus,"Home Gardens, Public Parks",0.5 - 1.5,Moderate Water,Full Sun,"Tropical, Sub-Tropical",Loamy Soils,1.5,2.55,Moderate,2,N/A,Yes
Jungle Geranium,Shrub,Ixora coccinea,"Medians & Dividers, Home Gardens",0.5 - 1.0,Moderate Water,"Full Sun, Semi-Shade","Tropical, Sub-Tropical  ",Loamy Soils,1,2.4,Moderate,1.5,Edible,Yes
Bougainvillea,Shrub,Bougainvillea glabra,"Medians & Dividers, Home Gardens, Mall & Shopping Center Landscape, Vacant Lands Converted to Green Spaces",2.0 - 3.0,"Little Water, Moderate Water",Full Sun,Tropical,"Sandy Soils, Loamy Soils",4,3.1,Low,4,Not Edible,Yes
Oleander,Shrub,Nerium oleander,"Medians & Dividers, Industrial Green Belts",2.0 - 4.0,Moderate Water,Full Sun,"Tropical, Sub-Tropical","Sandy Soils, Loamy Soils",2.5,2.6,Low,6,Not Edible,Yes
Egyptian star-cluster,Shrub,Pentas lanceolata,"Home Gardens, Botanical Gardens",0.5 - 1.0,Moderate Water,"Full Sun, Semi-Shade",Tropical,Loamy Soils,0.8,2.45,Moderate,0.5,N/A,Yes
Arabian Jasmine,Shrub,Jasminum sambac,"Home Gardens, Hospital Gardens",1.0 - 1.5,Moderate Water,Full Sun,Tropical,Loamy Soils,1.5,1.8,Low,3,N/A,Yes
Cape Jasmine,Shrub,Gardenia jasminoides,"Home Gardens, Sidewalk/Footpath Trees",1.0 - 2.0,Moderate Water,Full Sun,Tropical,Loamy Soils,2,2.1,Moderate,2,Edible,Yes
Lantana,Shrub,Lantana camara,"Medians & Dividers, Vacant Lands Converted to Green Spaces",1.0 - 2.0 ,Moderate Water,Full Sun,Tropical,"Sandy Soils, Loamy Soils",2,2.45,Moderate,2,Not Edible,Yes
Aloe ,Shrub,Aloe vera,"Home Gardens, Community Gardens",0.3 - 0.5,Little Water,Full Sun,"Arid, Semi-Arid",Sandy Soils  ,0.7,1.6,Low,1,Not Edible,Yes
Holy Basil,Shrub,Ocimum tenuiflorum,"Home Gardens, School & College Campuses, Hospital Gardens",0.2 - 0.5,Moderate Water,Full Sun,"Tropical, Sub-Tropical",Loamy Soils,0.4,2.18,Low,1,Edible,Yes
Indian Ginseng,Shrub,Withania somnifera,"Home Gardens, Community Gardens",0.5 - 1.0,Little Water,Full Sun,Semi-Arid,"Sandy Soils, Loamy Soils",0.5,2.1,Low,1,N/A,Yes
Indian Gooseberry,Large Tree,Phyllanthus emblica,"Home Gardens, Urban Forest",2.0 - 3.5,Moderate Water,Full Sun,"Tropical, Sub-Tropical","Loamy Soils, Clayey Soils",15,2.55,Low,8,Edible,Yes
Henna Tree,Shrub,Lawsonia inermis,"Home Gardens, Community Gardens",1.0 - 2.0,Little Water,Full Sun,"Tropical, Sub-Tropical","Sandy Soils, Loamy Soils",3,3.6,Moderate,6,Not Edible,Yes
Garden Croton,Shrub,Codiaeum variegatum,"Medians & Dividers, Mall & Shopping Center Landscape",1.0 - 1.5,Moderate Water,Full Sun,Tropical,Loamy Soils,1.2,2.55,Moderate,3,Not Edible,Yes
Coleus,Shrub,Plectranthus scutellarioides,"Home Gardens, Botanical Gardens",0.5 - 1.0,Lots of Water,"Full Sun, Semi-Shade","Tropical, Sub-Tropical",Loamy Soils,0.6,1.8,Low,1,Not Edible,Yes
Peacock Flower,"Shrub, Small Tree",Caesalpinia pulcherrima,"Public Parks, Botanical Gardens",3.0 - 5.0,Moderate Water,Full Sun,Tropical,"Sandy Soils, Loamy Soils",1.5,2.3,Moderate,5,Not Edible,Yes
Bird of Paradise,Shrub,Strelitzia reginae,"Botanical Gardens, Office Complexes",1.0 - 1.5,Moderate Water,"Semi-Shade, Full Sun","Tropical, Sub-Tropical",Loamy Soils,2,2.15,Moderate,2,N/A,Yes
Torch Ginger,Shrub,Etlingera elatior,"Botanical Gardens, Public Parks",1.0 - 2.0,Lots of Water,"Semi-Shade, Full Sun","Tropical, Sub-Tropical ",Loamy Soils,2.2,1.85,High,4,Edible,Yes
Indian Boxwood,"Shrub, Small Tree",Murraya paniculata,"Medians & Dividers, Home Gardens",2.0 - 3.0,Moderate Water,Semi-Shade  ,"Tropical, Sub-Tropical ",Loamy Soils,1.8,2.15,Moderate,4,Not Edible,Yes
White Sky Flower,Shrub,Duranta erecta,"Industrial Green Belts, Urban Forest",1.0 - 2.0,Moderate Water,Full Sun,"Tropical, Sub-Tropical ",Loamy Soils,2,2.3,Moderate,3,Not Edible,Yes
Copper Leaf,Shrub,Acalypha wilkesiana,"Medians & Dividers, Mall & Shopping Center Landscape",1.0 - 1.5,Moderate Water,"Full Sun, Semi-Shade","Tropical, Sub-Tropical ",Loamy Soils,1.2,2.55,Moderate,3,Not Edible,Yes
Fraser Photinia,Shrub,Photinia × fraseri,"Medians & Dividers, Home Gardens",1.0 - 2.0,Moderate Water,"Full Sun, Semi-Shade","Tropical, Sub-Tropical ",Loamy Soils,3.5,2.65,Moderate,5,Not Edible,Yes
Bottlebrush Tree,Shrub,Callistemon citrinus,"Avenue Plantation, Office Complexes",2.0 - 3.0,Moderate Water,Full Sun,Sub-Tropical ,Loamy Soils,12,3,Low,7,N/A,Yes
Frangipani,"Shrub, Small Tree",Plumeria rubra,"Public Parks, Botanical Gardens, Home Gardens, Hospital Gardens",3.0 - 4.0,Moderate Water,Full Sun,Tropical,"Sandy Soils, Loamy Soils",6,2.8,Low,8,Not Edible,Yes
Golden Bells,Shrub,Tecoma stans,"Avenue Plantation, Office Complexes",2.0 - 3.0,Moderate Water,Full Sun,"Tropical, Sub-Tropical ",Loamy Soils,10,3.2,Moderate,3,Not Edible,Yes
Century Plant,Shrub,Agave americana,"Botanical Gardens, Public Parks",1.0 - 1.5,Little Water,Full Sun,Arid,Sandy Soils  ,2.5,1.65,Low,2,Not Edible,Yes
Common Bamboo,Shrub,Bambusa vulgaris,"Riparian Buffer, Public Parks, Office Complexes, Urban Forest",3.0 - 5.0,Moderate Water,"Full Sun, Semi-Shade","Tropical, Sub-Tropical",Loamy Soils,35,2.7,Low,15,Edible,Yes
Golden Shower Tree,"Small Tree, Medium Tree",Cassia fistula,"Avenue Plantation, Public Parks",5.0 - 7.0,Moderate Water,Full Sun,Tropical,Loamy Soils,22,3.7,Low,10,Not Edible,Yes
Latherleaf,Shrub,Colubrina asiatica,"Riparian Buffer, Urban Forest",1.0 - 2.0,Moderate Water,Full Sun,Tropical,Loamy Soils,1,2.2,Moderate,4,Not Edible,Yes
Chitalpa,Shrub,Chitalpa tashkentensis,"Avenue Plantation, Public Parks",2.0 - 3.0,Little Water ,Full Sun  ,"Arid, Semi-Arid",Loamy Soils,8,3.15,Moderate,10,N/A,Yes
Clivia,Shrub,Clivia miniata,"Botanical Gardens, Home Gardens",0.5 - 1.0,Moderate Water,Semi-Shade,"Tropical, Sub-Tropical",Loamy Soils,0.5,1.44,Moderate,0.6,N/A,Yes
Cordyline,Shrub,Cordyline australis,"Mall & Shopping Center Landscape, Home Gardens",1.0 - 1.5,Moderate Water,"Full Sun, Semi-Shade","Tropical, Sub-Tropical ",Loamy Soils,1,1.85,Moderate,4,Not Edible,Yes
Cotoneaster,Shrub,Cotoneaster spp.,"Medians & Dividers, Home Gardens",1.0 - 2.0,Moderate Water,Full Sun,Sub-Tropical,Loamy Soils,1.5,2.05,Moderate,3,Not Edible,Yes
False Heather,Shrub,Cuphea hyssopifolia,"Medians & Dividers, Home Gardens",0.5 - 1.0,Moderate Water,Full Sun,Tropical,Loamy Soils,0.3,1.7,Moderate,0.5,Not Edible,Yes
Cytisus ,Shrub,Cytisus scoparius,"Medians & Dividers, Vacant Lands Converted to Green Spaces",1.0 - 2.0,Moderate Water,Full Sun  ,Arid ,"Sandy Soils, Loamy Soils",1.2,1.9,Low,3,Not Edible,Yes
Daphne,Shrub,Daphne odora,"Home Gardens, Botanical Gardens",0.5 - 1.0,Moderate Water,Semi-Shade,Sub-Tropical ,Loamy Soils,0.8,1.65,High,1.5,Not Edible,Yes
Datura,Shrub,Datura stramonium,"Vacant Lands Converted to Green Spaces, Industrial Green Belts",1.0 - 1.5,Moderate Water,Semi-Shade,"Tropical, Sub-Tropical ",Loamy Soils,0.6,1.45,Moderate,2,Not Edible,Yes
Diosma,Shrub,Coleonema pulchellum,"Home Gardens, Botanical Gardens",0.5 - 1.0,Moderate Water,Full Sun,Sub-Tropical ,"Sandy Soils, Loamy Soils",1,1.7,Moderate,1.5,N/A,Yes
Echeveria,Shrub,Echeveria spp.,"Home Gardens, Community Gardens",0.3 - 0.5,Little Water,Full Sun,"Arid, Semi-Arid",Sandy Soils,0.2,0.94,Low,0.3,Not Edible,Yes
Eucalyptus,Shrub,Eucalyptus spp.,"Industrial Green Belts, Urban Forest",3.0 - 5.0,Little Water,Full Sun,"Tropical, Sub-Tropical",Loamy Soils,30,4.9,Low,50,Not Edible,Yes
Ficus,Shrub,Ficus benjamina,"Avenue Plantation, Urban Forest",2.0 - 4.0,Moderate Water,Semi-Shade,"Tropical, Sub-Tropical",Loamy Soils,25,6.35,Low,30,Edible,Yes
Brown Gardenia,"Shrub, Small Tree",Gardenia jasminoides,"Home Gardens, Botanical Gardens",1.0 - 2.0,Moderate Water,"Semi-Shade, Full Sun",Sub-Tropical ,Loamy Soils,1.5,2.2,Moderate,2,Not Edible,Yes
Trumpet Honeysuckle,Shrub,Lonicera sempervirens,"Home Gardens, Public Parks",1.0 - 2.0,Moderate Water,Semi-Shade,Sub-Tropical,Loamy Soils,1,2.2,Moderate,6,Not Edible,Yes
Geronggang,Shrub,Cratoxylum arborescens,"Urban Forest, Industrial Green Belts",1.0 - 2.0,Moderate Water,Full Sun,Tropical,Loamy Soils,20,3.5,Moderate,40,N/A,Yes
Lavender,Shrub,Lavandula angustifolia,"Home Gardens, Hospital Gardens",0.5 - 1.0,Little Water,Full Sun  ,"Semi-Arid, Sub-Tropical","Sandy Soils, Loamy Soils",0.5,1.29,Low,1,Edible,Yes
Gold Flame Honeysuckle,Shrub,Lonicera × heckrottii,"Home Gardens, Public Parks",1.0 - 2.0,Moderate Water,Full Sun,Sub-Tropical ,Loamy Soils,1,2,Moderate,5,Not Edible,Yes
Melaleuca,Shrub,Melaleuca quinquenervia,"Industrial Green Belts, Riparian Buffer",2.0 - 3.0,Moderate Water,Full Sun,"Tropical, Sub-Tropical ",Loamy Soils,15,3.2,Moderate,8,N/A,Yes
Tapeworm Plant,Shrub,Homalocladium platycladum,"Botanical Gardens, Home Gardens",1.0 - 1.5,Moderate Water,"Semi-Shade, Full Sun",Tropical,Loamy Soils,0.7,2.15,Moderate,2,Not Edible,Yes
Myoporum,Shrub,Myoporum parvifolium,"Industrial Green Belts, Medians & Dividers",1.0 - 2.0,Moderate Water,Full Sun,"Arid, Semi-Arid",Loamy Soils,0.5,2.3,Moderate,4,Not Edible,Yes
Indian Mahogany,Medium Tree,Swietenia mahagoni,"Avenue Plantation, Urban Forest",8.0 - 12.0,Lots of Water,Full Sun,"Tropical, Sub-Tropical ","Loamy Soils, Clayey Soils",50,5.3,Moderate,20,N/A,Yes
Gulmohar,Medium Tree,Delonix regia,"Avenue Plantation, Public Parks",7.0 - 10.0,Moderate Water,Full Sun,"Tropical, Sub-Tropical","Loamy Soils, Clayey Soils",25,4.15,Moderate,12,N/A,Yes
Neem Tree,Medium Tree,Azadirachta indica,"Avenue Plantation, Urban Forest, School & College Campuses, Industrial Green Belts",8.0 - 12.0,Moderate Water,Full Sun,"Tropical, Semi-Arid","Sandy Soils, Loamy Soils, Clayey Soils",25,5.1,Low,20,Not Edible,Yes
Amla,Large Tree,Phyllanthus emblica,"Home Gardens, Urban Forest",10.0 - 15.0,Moderate Water,Full Sun,"Tropical, Sub-Tropical",Loamy Soils,15,3.25,Moderate,8,Edible,Yes
Bodhi Tree,Large Tree,Ficus religiosa,"Public Parks, School & College Campuses",15.0 - 20.0,Moderate Water,"Full Sun, Semi-Shade",Tropical,"Loamy Soils, Clayey Soils",70,7.3,Low,25,Edible,Yes
Indian Banyan,Large Tree,Ficus benghalensis,"Avenue Plantation, Public Parks",15.0 - 30.0,Moderate Water,Full Sun,"Tropical, Sub-Tropical ","Loamy Soils, Clayey Soils",90,8.95,Low,30,Edible,Yes
Deodar,Large Tree,Cedrus deodara,"Urban Forest, Public Parks",12.0 - 18.0,Moderate Water,Full Sun,Sub-Tropical ,Loamy Soils,35,3.9,Moderate,40,N/A,Yes
Asoka Tree,Medium Tree,Saraca asoca,"Avenue Plantation, Public Parks",7.0 - 9.0,Moderate Water,Full Sun,Tropical,Loamy Soils,20,3.2,Moderate,10,N/A,Yes
Curry Leaf Tree,"Shrub, Small Tree",Murraya koenigii,"Home Gardens, Community Gardens",2.0 - 3.0,Moderate Water,Full Sun,Tropical,"Loamy Soils, Clayey Soils",5,3.3,Low,4,Edible,Yes
Sal,Large Tree,Shorea robusta,"Urban Forest, Riparian Buffer",12.0 - 20.0,Moderate Water,Full Sun,"Tropical, Sub-Tropical",Loamy Soils,30,4.9,Low,35,N/A,Yes
Khair,Medium Tree,Senegalia catechu,"Urban Forest, Industrial Green Belts",8.0 - 10.0,Moderate Water,Full Sun,"Tropical, Semi-Arid",Loamy Soils,10,3.15,Low,15,N/A,Yes
Arjuna,Large Tree,Terminalia arjuna,"Urban Forest, Riparian Buffer",10.0 - 15.0,Moderate Water,Full Sun,"Tropical, Sub-Tropical","Loamy Soils, Clayey Soils",25,4.1,Low,30,N/A,Yes
Tendu,Medium Tree,Diospyros melanoxylon,"Urban Forest, Industrial Green Belts",7.0 - 9.0,Moderate Water,Full Sun,"Tropical, Sub-Tropical","Loamy Soils, Clayey Soils",15,2.7,Low,15,Edible,Yes
Turmeric,Shrub,Curcuma longa,"Community Gardens, Home Gardens",0.5 - 1.0,Lots of Water,"Semi-Shade, Full Sun","Tropical, Sub-Tropical ",Loamy Soils,0.3,1.55,Moderate,1,Edible,Yes
Pride of India,"Shrub, Small Tree",Lagerstroemia speciosa,"Avenue Plantation, Public Parks",2.0 - 3.0,Moderate Water,Full Sun,"Tropical, Sub-Tropical ",Loamy Soils,20,3.25,Moderate,12,N/A,Yes
Babul,Medium Tree,Vachellia nilotica,"Industrial Green Belts, Landfills & Reclaimed Sites",8.0 - 10.0,Little Water ,Full Sun,"Arid, Semi-Arid","Sandy Soils, Loamy Soils",15,3,Low,10,N/A,Yes
Teak,Large Tree,Tectona grandis,"Urban Forest, Avenue Plantation",12.0 - 18.0,Moderate Water,Full Sun,"Tropical, Sub-Tropical","Loamy Soils, Clayey Soils",60,6.25,Low,30,N/A,Yes
Mahua,Large Tree,Madhuca longifolia,"Urban Forest, Public Parks",10.0 - 15.0,Moderate Water,Full Sun,"Tropical, Semi-Arid","Loamy Soils, Clayey Soils",25,4.1,Low,20,Edible,Yes
Kikar,Medium Tree,Vachellia nilotica,"Industrial Green Belts, Avenue Plantation",8.0 - 10.0,Little Water,Full Sun,"Arid, Semi-Arid","Sandy Soils, Loamy Soils",15,3.3,Low,10,N/A,Yes
Indian Rosewood,Medium Tree,Dalbergia latifolia,"Urban Forest, Avenue Plantation",8.0 - 12.0,Moderate Water,Full Sun,"Tropical, Sub-Tropical ","Loamy Soils, Clayey Soils",50,4.75,Low,25,N/A,Yes
Parijat,"Shrub, Small Tree",Nyctanthes arbor-tristis,"Home Gardens, Botanical Gardens",3.0 - 4.0,Moderate Water,Semi-Shade ,"Tropical, Sub-Tropical",Loamy Soils,10,2.95,Moderate,10,N/A,Yes
Oak,Large Tree,Quercus spp.,"Urban Forest, Public Parks",15.0 - 20.0,Moderate Water,Full Sun  ,Sub-Tropical ,Loamy Soils,25,5.5,Low,25,Edible,Yes
Asparagus,Shrub,Asparagus officinalis,"Home Gardens, Community Gardens",0.5 - 1.0,Moderate Water,Semi-Shade,Sub-Tropical ,Loamy Soils,0.5,1.3,Low,1.5,Edible,Yes
Yellow Wattle,Medium Tree,Acacia pycnantha,"Industrial Green Belts, Vacant Lands Converted to Green Spaces",7.0 - 10.0,Moderate Water,Full Sun,Tropical,"Sandy Soils, Loamy Soils",20,2.7,Moderate,8,N/A,Yes
Badminton Ball,Medium Tree,Parkia biglandulosa,"Botanical Gardens, Public Parks",1.0 - 2.0,Moderate Water,Full Sun  ,"Tropical, Sub-Tropical",Loamy Soils,30,1.95,Moderate,15,N/A,Yes
Silk Cotton Tree,Large Tree,Ceiba pentandra,"Public Parks, Urban Forest",12.0 - 18.0,Moderate Water,Full Sun,Tropical,"Loamy Soils, Clayey Soils",40,5.85,Low,20,Not Edible,Yes
Sausage Tree,Medium Tree,Kigelia africana,"Public Parks, Avenue Plantation",8.0 - 10.0,Moderate Water,Full Sun,Tropical,Loamy Soils,35,4.5,Moderate,20,Not Edible,Yes
Pine,Large Tree,Pinus spp.,"Urban Forest, Public Parks",10.0 - 15.0,Moderate Water,Full Sun  ,Sub-Tropical ,Loamy Soils,20,3.3,Low,30,Edible,Yes
Bael Fruit,Small Tree,Aegle marmelos,"Home Gardens, School & College Campuses",4.0 - 6.0,Moderate Water,Full Sun,Sub-Tropical,Loamy Soils,10,2.85,Low,12,Edible,Yes
Kokum,"Small Tree, Medium Tree",Garcinia indica,"Home Gardens, Urban Forest",3.0 - 5.0,Moderate Water,Semi-Shade,Tropical,Loamy Soils,8,3.2,Moderate,10,Edible,Yes
Khejri,Medium Tree,Prosopis cineraria,"Industrial Green Belts, Vacant Lands Converted to Green Spaces",8.0 - 12.0,Little Water ,Full Sun,"Arid, Semi-Arid","Sandy Soils, Loamy Soils",15,2.7,Low,10,Edible,Yes
Indian Tulip,Small Tree,Thespesia populnea,"Avenue Plantation, Public Parks",4.0 - 5.0,Moderate Water,Full Sun,Tropical,"Loamy Soils, Clayey Soils",12,3.95,Moderate,20,N/A,Yes
Weeping Fig,"Shrub, Medium Tree",Ficus benjamina,"Avenue Plantation, Office Complexes",4.0 - 6.0,Moderate Water,"Semi-Shade, Full Sun","Tropical, Sub-Tropical ",Loamy Soils,25,5.05,Moderate,25,Edible,Yes
Kusum Tree,Medium Tree,Schleichera oleosa,"Urban Forest, Public Parks",7.0 - 10.0,Moderate Water,Full Sun,"Tropical, Sub-Tropical ",Loamy Soils,20,3.9,Moderate,20,Edible,Yes
Flame of the Forest,Medium Tree,Butea monosperma,"Public Parks, Avenue Plantation",8.0 - 10.0,Moderate Water,Full Sun,"Tropical, Sub-Tropical",Loamy Soils,15,3.3,Low,15,N/A,Yes
Flame Tree,Medium Tree,Delonix regia,"Public Parks, Avenue Plantation",7.0 - 10.0,Moderate Water,Full Sun,"Tropical, Sub-Tropical ",Loamy Soils,25,3.55,Moderate,20,N/A,Yes
Bahera,Large Tree,Terminalia bellirica,"Urban Forest, Public Parks",10.0 - 15.0,Moderate Water,Full Sun,"Tropical, Sub-Tropical ",Loamy Soils,20,3.05,Low,18,Edible,Yes
Kamala ,Shrub,Mallotus philippensis,"Home Gardens, Botanical Gardens",1.0 - 2.0,Moderate Water,Full Sun,"Tropical, Sub-Tropical ",Loamy Soils,10,2.7,Moderate,4,N/A,Yes
Siris,Medium Tree,Albizia lebbeck,"Avenue Plantation, Urban Forest",8.0 - 12.0,Moderate Water,Full Sun,"Tropical, Sub-Tropical ","Loamy Soils, Clayey Soils",25,4.55,Moderate,20,N/A,Yes
Jackfruit,Medium Tree,Artocarpus heterophyllus,"Home Gardens, Public Parks",10.0 - 12.0,Moderate Water,Full Sun,Tropical,"Loamy Soils, Clayey Soils",30,4.5,Low,15,Edible,Yes
Buttercup Tree,Small Tree,Cochlospermum religiosum,"Botanical Gardens, Home Gardens",3.0 - 4.0,Moderate Water,Full Sun,Tropical,Loamy Soils,15,2.7,Moderate,12,N/A,Yes
Burans,Small Tree,Rhododendron arboreum,"Public Parks, Botanical Gardens",2.0 - 3.0,Moderate Water,Semi-Shade,Sub-Tropical ,Loamy Soils,10,2.75,Moderate,10,N/A,Yes
Bayu,Medium Tree,Pterospermum acerifolium,"Urban Forest, Public Parks",7.0 - 9.0,Moderate Water,Full Sun,Tropical,Loamy Soils,18,2.45,Moderate,25,N/A,Yes
Candle Nut Tree,Medium Tree,Aleurites moluccanus,"Urban Forest, Home Gardens",8.0 - 10.0,Moderate Water,Full Sun,Tropical,Loamy Soils,22,3.7,Low,15,Edible,Yes
Indian horse chestnut,Medium Tree,Aesculus indica,"Urban Forest, Public Parks",7.0 - 9.0,Moderate Water,Semi-Shade,Sub-Tropical ,Loamy Soils,20,3.95,Moderate,30,Not Edible,Yes
Malay Gale,Small Tree,Litsea elliptica,"Urban Forest, Riparian Buffer",3.0 - 4.0,Moderate Water,Full Sun,"Tropical, Sub-Tropical ",Loamy Soils,15,2.3,Moderate,20,N/A,Yes
Himalayan Yew,Medium Tree,Taxus wallichiana,"Urban Forest, Botanical Gardens",7.0 - 10.0,Moderate Water,Full Shade,Sub-Tropical ,Loamy Soils,12,2.65,High,15,Not Edible,Yes
Himalayan White Pine,Large Tree,Pinus wallichiana,"Urban Forest, Public Parks",12.0 - 18.0,Moderate Water,Full Sun,Sub-Tropical ,Loamy Soils,18,3.3,Low,40,Edible,Yes
Rain Tree,"Medium Tree, Large Tree",Samanea saman,"Avenue Plantation, Public Parks",10.0 - 12.0,Moderate Water,Full Sun,Tropical,Loamy Soils,30,5.65,Low,25,N/A,Yes
Betel-nut Palm,Palm,Areca catechu,"Avenue Plantation, Home Gardens",4.0 - 6.0,Moderate Water,Full Sun,Tropical,Loamy Soils,10,2.4,Moderate,20,Edible,Yes
Oriental Arbor Vitae,Medium Tree,Thuja orientalis,"Public Parks, Botanical Gardens",7.0 - 9.0,Moderate Water,Full Sun,"Tropical, Sub-Tropical ",Loamy Soils,8,2.4,Low,15,N/A,Yes
Ceylon rosewood,Medium Tree,Dalbergia latifolia,"Urban Forest, Avenue Plantation",8.0 - 12.0,Moderate Water,Full Sun,Tropical,Loamy Soils,50,3.95,Moderate,25,N/A,Yes
Phalsa,"Shrub, Small Tree",Grewia asiatica,"Home Gardens, Community Gardens",1.0 - 2.0,Moderate Water,Full Sun,"Tropical, Sub-Tropical ",Loamy Soils,5,2.3,Low,6,Edible,Yes
Fern Tree,Medium Tree,Filicium decipiens,"Riparian Buffer, Public Parks",7.0 - 10.0,Moderate Water,Full Sun,Tropical ,Loamy Soils,12,3.4,Moderate,12,N/A,Yes
Drumstick Tree,Small Tree,Moringa oleifera,"Home Gardens, Community Gardens",3.0 - 5.0,Moderate Water,Full Sun,"Tropical, Sub-Tropical ","Loamy Soils, Clayey Soils",7,2.35,Low,10,Edible,Yes
Yellow Champaka,Medium Tree,Magnolia champaca,"Home Gardens, Botanical Gardens",8.0 - 10.0,Moderate Water,Full Sun,Tropical,Loamy Soils,20,2.95,Moderate,18,N/A,Yes
Sea Hibiscus,"Shrub, Small Tree",Hibiscus tiliaceus,"Riparian Buffer, Public Parks",2.0 - 3.0,Moderate Water,Full Sun,Tropical,Loamy Soils,15,3.1,Moderate,8,N/A,Yes
Custard Apple,"Shrub, Small Tree",Annona reticulata,"Home Gardens, Community Gardens",3.0 - 5.0,Moderate Water,Full Sun,Tropical,Loamy Soils,8,3,Moderate,7,Edible,Yes
White Mulberry,Small Tree,Morus alba,"Home Gardens, Public Parks",4.0 - 6.0,Moderate Water,Full Sun,"Tropical, Sub-Tropical ",Loamy Soils,10,3.5,Moderate,12,Edible,Yes
Sealing Wax Palm,Palm,Cyrtostachys renda,"Avenue Plantation, Botanical Gardens",3.0 - 5.0,"Moderate Water, Lots of Water","Semi-Shade, Full Sun",Tropical,Loamy Soils,5,2.7,High,20,N/A,Yes
Red-leaved fig,Medium Tree,Ficus congesta,"Avenue Plantation, Office Complexes",8.0 - 12.0,Moderate Water,Semi-Shade,"Tropical, Sub-Tropical ",Loamy Soils,20,4.1,Moderate,15,Edible,Yes
Triangle ficus,Shrub,Ficus triangularis,"Avenue Plantation, Office Complexes",1.0 - 2.0,Moderate Water,Semi-Shade,"Tropical, Sub-Tropical ",Loamy Soils,15,3.35,Moderate,12,Edible,Yes
Nutmeg,Small Tree,Myristica fragrans,"Home Gardens, Botanical Gardens",3.0 - 4.0,Moderate Water,"Full Sun, Semi-Shade",Tropical,Loamy Soils,12,2.95,Moderate,18,Edible,Yes
Jamaica Pepper,Small Tree,Pimenta dioica,"Home Gardens, Botanical Gardens",3.0 - 4.0,Moderate Water,Full Sun,Tropical ,Loamy Soils,10,2.25,Moderate,10,Edible,Yes
Pink Cassia,Medium Tree,Cassia javanica,"Avenue Plantation, Public Parks",7.0 - 10.0,Moderate Water,Full Sun,Tropical,Loamy Soils,18,3.1,Moderate,10,N/A,Yes
Vomit fruit,Shrub,Morinda citrifolia,"Botanical Gardens, Vacant Lands Converted to Green Spaces",1.0 - 2.0,Moderate Water,Full Sun,Tropical,Loamy Soils,8,2.6,High,7,Not Edible,Yes
Carnival Bush,Shrub,Streptosolen jamesonii,"Home Gardens, Botanical Gardens",1.0 - 1.5,Moderate Water,"Full Sun, Semi-Shade","Tropical, Sub-Tropical ",Loamy Soils,3,2.05,Moderate,3,Not Edible,Yes
Star Fruit,Small Tree,Averrhoa carambola,"Home Gardens, Community Gardens",3.0 - 5.0,Moderate Water,Full Sun,"Tropical, Sub-Tropical ",Loamy Soils,7,2.85,Moderate,8,Edible,Yes
Cluster fig,Medium Tree,Ficus racemosa,"Urban Forest, Public Parks",8.0 - 12.0,Moderate Water,Semi-Shade,"Tropical, Sub-Tropical ",Loamy Soils,25,4.9,Moderate,15,Edible,Yes
Fern tree,Medium Tree,Filicium decipiens,"Riparian Buffer, Public Parks",7.0 - 10.0,Moderate Water,Semi-Shade,Tropical,Loamy Soils,12,3.35,Moderate,12,N/A,Yes
Cannon Ball Tree,Large Tree,Couroupita guianensis,"Public Parks, Botanical Gardens",10.0 - 15.0,Moderate Water,Full Sun,Tropical,Loamy Soils,30,4.95,High,25,Not Edible,Yes
Mango,Large Tree,Mangifera indica,"Home Gardens, Public Parks",10.0 - 15.0,Moderate Water,Full Sun,"Tropical, Sub-Tropical ",Loamy Soils,50,5.5,Moderate,20,Edible,Yes
Avocado,Small Tree,Persea americana,"Home Gardens, Community Gardens",4.0 - 6.0,Moderate Water,"Full Sun, Semi-Shade",Tropical,Loamy Soils,30,4.85,High,15,Edible,Yes
Coconut,Palm,Cocos nucifera,"Home Gardens, Avenue Plantation",5.0 - 8.0,Moderate Water,Full Sun,Tropical,"Loamy Soils, Sandy Soils",20,2.85,Moderate,25,Edible,Yes
Indian Cork Tree,Medium Tree,Millingtonia hortensis,"Avenue Plantation, Public Parks",8.0 - 10.0,Moderate Water,Full Sun,"Tropical, Sub-Tropical ",Loamy Soils,15,3.9,Moderate,20,Not Edible,Yes
Coral Tree,Medium Tree,Erythrina variegata,"Public Parks, Avenue Plantation",7.0 - 10.0,Moderate Water,Full Sun,"Tropical, Sub-Tropical ",Loamy Soils,25,4.5,Moderate,10,Not Edible,Yes
Indian Beech,Medium Tree,Pongamia pinnata,"Urban Forest, Landfills & Reclaimed Sites",8.0 - 12.0,Moderate Water,Full Sun,"Tropical, Sub-Tropical ","Loamy Soils, Clayey Soils",20,4.1,Moderate,18,Edible,Yes
Nile tulip,Medium Tree,Markhamia lutea,"Public Parks, Botanical Gardens",7.0 - 9.0,Moderate Water,Full Sun,"Tropical, Sub-Tropical ",Loamy Soils,15,3.15,Moderate,10,N/A,Yes
African Tulip Tree,Medium Tree,Spathodea campanulata,"Avenue Plantation, Public Parks",8.0 - 10.0,Moderate Water,Full Sun,Tropical,"Loamy Soils, Sandy Soils",25,4.45,Moderate,20,Not Edible,Yes
Trumpet Tree,"Medium Tree, Large Tree",Tabebuia spp.,"Avenue Plantation, Public Parks",8.0 - 12.0,Moderate Water,Full Sun,Tropical,Loamy Soils,20,3.15,Moderate,15,Not Edible,Yes
Sea Almond,Large Tree,Terminalia catappa,"Avenue Plantation, Riparian Buffer",10.0 - 15.0,Moderate Water,"Semi-Shade, Full Sun","Tropical, Sub-Tropical ","Loamy Soils, Clayey Soils",18,3.9,Moderate,12,Edible,Yes
Kenanga,Medium Tree,Cananga odorata,"Botanical Gardens, Home Gardens",7.0 - 10.0,Moderate Water,Full Sun,Tropical,Loamy Soils,15,3.45,Moderate,15,Not Edible,Yes
Buah Cheri,Small Tree,Muntingia calabura,"Home Gardens, Community Gardens",3.0 - 4.0,Moderate Water,Full Sun,Tropical,Loamy Soils,10,2.25,Moderate,5,Edible,Yes
Guava,Small Tree,Psidium guajava,"Home Gardens, Community Gardens",4.0 - 5.0,Moderate Water,Full Sun,"Tropical, Sub-Tropical ","Loamy Soils, Sandy Soils, Clayey Soils",12,3.5,Moderate,8,Edible,Yes
Silky Oak,Large Tree,Grevillea robusta,"Avenue Plantation, Public Parks",12.0 - 18.0,Moderate Water,Full Sun,Sub-Tropical,"Loamy Soils, Sandy Soils, Clayey Soils",30,4.5,Moderate,20,Not Edible,Yes
Indian Laurel Fig,Shrub,Ficus microcarpa,"Avenue Plantation, Office Complexes",2.0 - 3.0,Moderate Water,Full Sun,Tropical,"Loamy Soils, Sandy Soils, Clayey Soils",25,3.7,Moderate,20,Edible,Yes
Lemon cypress,Shrub,Cupressus macrocarpa 'Goldcrest',"Home Gardens, Botanical Gardens",1.0 - 1.5,Moderate Water,Full Sun,"Sub-Tropical, Semi-Arid",Loamy Soils,10,2.3,Moderate,10,Not Edible,Yes
Rose of the Jungle,Shrub,Brownea coccinea,"Botanical Gardens, Home Gardens",1.0 - 2.0,Moderate Water,"Semi-Shade, Full Sun",Tropical,Loamy Soils,15,2.6,Moderate,2.5,N/A,Yes
Mexican Fan Palm,Palm,Washingtonia robusta,"Avenue Plantation, Office Complexes",4.0 - 6.0,Moderate Water,Full Sun,Arid,"Loamy Soils, Sandy Soils",12,2.25,Moderate,25,Edible,Yes
Bismarck Palm,Palm,Bismarckia nobilis,"Avenue Plantation, Office Complexes",4.0 - 6.0,Moderate Water,Full Sun,Tropical,"Loamy Soils, Sandy Soils",15,2.9,Moderate,20,Not Edible,Yes
Chiku,Large Tree,Manilkara zapota,"Home Gardens, Public Parks",10.0 - 15.0,Moderate Water,Full Sun,Tropical,"Loamy Soils, Clayey Soils",10,3.7,Moderate,10,Edible,Yes
House Pine,Large Tree,Araucaria heterophylla,"Home Gardens, Botanical Gardens",10.0 - 12.0,"Moderate Water, Little Water",Full Sun,Sub-Tropical,"Loamy Soils, Clayey Soils",20,1.7,Moderate,15,Not Edible,Yes
Fishtail Palm,Palm,Caryota mitis,"Avenue Plantation, Botanical Gardens",3.0 - 5.0,Lots of Water,Semi-Shade,"Tropical, Sub-Tropical ","Loamy Soils, Sandy Soils, Clayey Soils",10,2.8,Moderate,15,Edible,Yes
Pacific Rosewood,"Shrub, Small Tree, Medium Tree",Thespesia populnea,"Urban Forest, Avenue Plantation",3.0 - 5.0,Moderate Water,Full Sun,Tropical,"Loamy Soils, Clayey Soils",12,3.9,Moderate,25,Not Edible,Yes
Fountain Palm,Palm,Livistona chinensis,"Avenue Plantation, Office Complexes",4.0 - 6.0,Moderate Water,Full Sun,"Tropical, Sub-Tropical ","Loamy Soils, Sandy Soils, Clayey Soils",8,1.95,Moderate,10,Not Edible,Yes
Royal Palm  ,Palm,Roystonea regia,"Avenue Plantation, Public Parks",5.0 - 7.0,Moderate Water,Full Sun,Tropical,"Loamy Soils, Sandy Soils, Clayey Soils",15,2.7,Moderate,30,Edible,Yes
Tanner's Cassia,Medium Tree,Senna siamea,"Avenue Plantation, Public Parks",8.0 - 10.0,Moderate Water,Full Sun,"Tropical, Sub-Tropical ",Loamy Soils,20,2.7,Moderate,6,Not Edible,Yes
Anatto,Shrub,Bixa orellana,"Home Gardens, Community Gardens",1.0 - 2.0,Moderate Water,Full Sun,"Tropical, Sub-Tropical ",Loamy Soils,10,2.95,Moderate,8,Edible,Yes
Orchid Tree,Small Tree,Bauhinia variegata,"Botanical Gardens, Public Parks",3.0 - 4.0,Moderate Water,"Full Sun, Semi-Shade","Tropical, Sub-Tropical ","Loamy Soils, Clayey Soils",15,3.1,Moderate,10,Not Edible,Yes
Java Apple,Medium Tree,Syzygium samarangense,"Home Gardens, Public Parks",7.0 - 9.0,Moderate Water,Full Sun,Tropical,"Loamy Soils, Clayey Soils",12,3.05,Moderate,12,Edible,Yes
Red Powder Puff,Shrub,Calliandra haematocephala,"Botanical Gardens, Home Gardens",1.0 - 2.0,Moderate Water,"Full Sun, Semi-Shade","Tropical, Sub-Tropical ",Loamy Soils,8,2.3,Moderate,3,Not Edible,Yes
Cucumber Tree,Small Tree,Averrhoa bilimbi,"Public Parks, Botanical Gardens",3.0 - 4.0,Moderate Water,Full Sun,Tropical,Loamy Soils,7,3.25,Moderate,8,Edible,Yes
Indian Plum,Small Tree,Ziziphus mauritiana,"Home Gardens, Community Gardens",3.0 - 4.0,Moderate Water,Full Sun,"Tropical, Sub-Tropical ","Loamy Soils, Clayey Soils",10,2.55,Moderate,10,Edible,Yes
Golden Tea Tree,"Shrub, Small Tree",Leptospermum petersonii,"Home Gardens, Botanical Gardens",1.0 - 2.0,Moderate Water,Full Sun,Sub-Tropical,Loamy Soils,5,2,Moderate,4,Not Edible,Yes
Mandarin orange,Small Tree,Citrus reticulata,"Home Gardens, Community Gardens",3.0 - 4.0,Lots of Water,Full Sun,"Tropical, Sub-Tropical ","Loamy Soils, Clayey Soils",8,2.85,Moderate,6,Edible,Yes
Traveller's Palm,Palm,Ravenala madagascariensis,"Public Parks, Botanical Gardens",4.0 - 6.0,Moderate Water,"Semi-Shade, Full Sun",Sub-Tropical,"Loamy Soils, Clayey Soils",15,2.9,Moderate,20,Not Edible,Yes
Japanese Redwood,"Medium Tree, Large Tree",Cryptomeria japonica,"Urban Forest, Botanical Gardens",8.0 - 12.0,Moderate Water,Full Sun,Sub-Tropical,"Loamy Soils, Clayey Soils",25,3.9,Moderate,30,Not Edible,Yes
Indian Mast Tree,Medium Tree,Polyalthia longifolia,"Avenue Plantation, Public Parks",7.0 - 10.0,Moderate Water,Full Sun,"Tropical, Sub-Tropical ","Loamy Soils, Clayey Soils",18,2.4,Moderate,25,Not Edible,Yes
Monkeypod,Large Tree,Samanea saman,"Urban Forest, Public Parks",12.0 - 20.0,Moderate Water,Full Sun,"Tropical, Sub-Tropical ","Loamy Soils, Clayey Soils",30,6.25,Moderate,20,Not Edible,Yes
Gum arabic tree,Medium Tree,Senegalia senegal,"Urban Forest, Industrial Green Belts",8.0 - 10.0,Little Water,Full Sun,"Arid, Semi-Arid","Loamy Soils, Clayey Soils",10,3.9,Moderate,8,Not Edible,Yes
Orange-Geiger Tree,Small Tree,Cordia sebestena,"Public Parks, Botanical Gardens",3.0 - 4.0,Moderate Water,Full Sun,"Tropical, Sub-Tropical ",Loamy Soils,12,3.2,Moderate,6,Not Edible,Yes
Dragon Fruit,Shrub,Hylocereus undatus,"Home Gardens, Community Gardens",1.0 - 2.0,Moderate Water,Full Sun,"Tropical, Sub-Tropical, Semi-Arid","Loamy Soils, Sandy Soils",5,1.4,Moderate,5,Edible,Yes
Tamaring,Large Tree,Tamarindus indica,"Urban Forest, Landfills & Reclaimed Sites",10.0 - 15.0,Moderate Water,"Semi-Shade, Full Sun",Tropical,Loamy Soils,20,4.5,Moderate,15,Edible,Yes
Date Palm,Palm,Phoenix dactylifera,"Avenue Plantation, Home Gardens",5.0 - 8.0,Moderate Water,Full Sun,"Arid, Semi-Arid, Tropical","Loamy Soils, Sandy Soils, Clayey Soils",8,2.4,Moderate,20,Edible,Yes
Pomegranate,"Shrub, Small Tree",Punica granatum,"Home Gardens, Community Gardens",2.0 - 3.0,Moderate Water,"Semi-Shade, Full Sun","Tropical, Sub-Tropical ","Loamy Soils, Sandy Soils, Clayey Soils",7,2.55,Moderate,5,Edible,Yes
Sea Mango,Medium Tree,Cerbera manghas,"Riparian Buffer, Public Parks",7.0 - 9.0,Moderate Water,Full Sun,"Tropical, Sub-Tropical ",Loamy Soils,10,3.65,Moderate,12,Not Edible,Yes
Giant Indian Fig,Shrub,Ficus benghalensis,"Urban Forest, Public Parks",2.0 - 4.0,Moderate Water,Full Sun,Sub-Tropical,Loamy Soils,30,7.45,Moderate,10,Edible,Yes
Mexican Lilac,Shrub,Gliricidia sepium,"Industrial Green Belts, Vacant Lands Converted to Green Spaces",2.0 - 3.0,Moderate Water,Full Sun,Tropical,Loamy Soils,12,2.55,Moderate,15,Not Edible,Yes
Common Bur-Flower Tree,Large Tree,Neolamarckia cadamba,"Urban Forest, Public Parks",12.0 - 18.0,Moderate Water,Full Sun,"Tropical, Sub-Tropical ",Loamy Soils,25,3.85,Moderate,18,Not Edible,Yes
Apple tree,Small Tree,Malus domestica,"Home Gardens, Community Gardens",3.0 - 4.0,Lots of Water,Full Sun,Sub-Tropical,"Loamy Soils, Clayey Soils",10,3.25,Moderate,6,Edible,Yes
Peach tree,Small Tree,Prunus persica,"Home Gardens, Community Gardens",3.0 - 4.0,Lots of Water,Full Sun,Sub-Tropical,"Loamy Soils, Sandy Soils, Clayey Soils",9,2.8,Moderate,5,Edible,Yes
Pomelo,Small Tree,Citrus maxima,"Home Gardens, Community Gardens",3.0 - 4.0,Moderate Water,Full Sun,Tropical,"Loamy Soils, Sandy Soils, Clayey Soils",11,3.45,Moderate,8,Edible,Yes
Scarlet Wistaria Tree,"Shrub, Small Tree",Calliandra haematocephala,"Public Parks, Botanical Gardens",1.0 - 2.0,Moderate Water,Full Sun,Tropical,Loamy Soils,8,3.7,Moderate,12,Not Edible,Yes
Fish Poison Tree,Medium Tree,Barringtonia asiatica,"Riparian Buffer, Public Parks",7.0 - 10.0,Moderate Water,Full Sun,Tropical,Loamy Soils,15,3.15,Moderate,10,Not Edible,Yes
Silver Buttonwood,Shrub,Conocarpus erectus,"Riparian Buffer, Public Parks",1.0 - 2.0,"Moderate Water, Little Water",Full Sun,Tropical,Loamy Soils,10,2.6,Moderate,7,Not Edible,Yes
Lagundi,Shrub,Vitex negundo,"Home Gardens, Community Gardens",1.0 - 2.0,Moderate Water,Full Sun,Tropical,Loamy Soils,6,2.3,Moderate,4,Edible,Yes
Dragon Blood Tree, Medium Tree,Dracaena cinnabari,"Botanical Gardens, Public Parks",1.0 - 1.5,Moderate Water,"Semi-Shade, Full Sun",Sub-Tropical,"Loamy Soils, Clayey Soils",5,3.05,Moderate,10,Not Edible,Yes
Silk Floss Tree,Large Tree,Ceiba speciosa,"Public Parks, Avenue Plantation",12.0 - 18.0,Moderate Water,Full Sun,Tropical,"Loamy Soils, Clayey Soils",20,4.5,Moderate,20,Not Edible,Yes
Tilia cordata,Medium Tree,Small-leaved Lime,"Urban Forest, Public Parks",7.0 - 10.0,Moderate Water,Full Sun,Sub-Tropical,"Loamy Soils, Clayey Soils",12,4.75,Moderate,25,Edible,Yes
Serpent tree,Shrub,Dracaena spp.,"Botanical Gardens, Public Parks",1.0 - 1.5,Moderate Water,Full Sun,"Tropical, Sub-Tropical ",Loamy Soils,5,3.3,Moderate,6,Not Edible,Yes
Madagascar Almond,"Small Tree, Medium Tree",Terminalia catappa,"Avenue Plantation, Public Parks",5.0 - 8.0,Moderate Water,Full Sun,Sub-Tropical,Loamy Soils,18,3,Moderate,12,Edible,Yes
Peanut Butter Fruit,Shrub,Bunchosia argentea,"Botanical Gardens, Home Gardens",1.0 - 2.0,Moderate Water,Full Sun,Tropical,Loamy Soils,7,2.15,Moderate,3,Edible,Yes
Hairy Lychee,Small Tree,Litchi chinensis,"Home Gardens, Botanical Gardens",3.0 - 4.0,Moderate Water,Full Sun,Tropical,Loamy Soils,10,2.95,Moderate,10,Edible,Yes
Wild sage,Shrub,Lantana camara,"Home Gardens, Community Gardens",1.0 - 2.0,Little Water,Full Sun,"Tropical, Sub-Tropical ",Loamy Soils,4,1.9,Moderate,2,Not Edible,Yes
Narrow-leaved paperbark,Shrub,Melaleuca quinquenervia,"Riparian Buffer, Industrial Green Belts",2.0 - 3.0,Moderate Water,Full Sun,"Tropical, Sub-Tropical ",Loamy Soils,15,2.55,Moderate,10,Not Edible,Yes
Dwarf White Orchid Tree,Shrub,Bauhinia acuminata,"Home Gardens, Botanical Gardens",1.0 - 1.5,Moderate Water,Full Sun,Tropical,Loamy Soils,6,2,Moderate,4,Not Edible,Yes
Indian Pulai,"Medium Tree, Large Tree",Alstonia scholaris,"Urban Forest, Public Parks",8.0 - 12.0,Moderate Water,Full Sun,"Tropical, Sub-Tropical ",Loamy Soils,20,3.25,Moderate,25,Not Edible,Yes
Indian sandalwood,Medium Tree,Santalum album,"Urban Forest, Botanical Gardens",7.0 - 10.0,Moderate Water,Semi-Shade,"Tropical, Semi-Arid","Loamy Soils, Clayey Soils",10,2.8,Moderate,10,Not Edible,Yes
Dinnerplate Tree,Medium Tree,Pterospermum acerifolium,"Botanical Gardens, Public Parks",7.0 - 9.0,Moderate Water,Full Sun,Tropical,Loamy Soils,12,4.3,Moderate,6,Not Edible,Yes
Pride of the Cape,Shrub,Bauhinia galpinii,"Botanical Gardens, Home Gardens",1.0 - 2.0,Moderate Water,Full Sun,Tropical,Loamy Soils,8,2.2,Moderate,2,Not Edible,Yes
Foxtail Palm,Palm,Wodyetia bifurcata,"Avenue Plantation, Office Complexes",3.0 - 5.0,Moderate Water,Full Sun,"Tropical, Sub-Tropical ","Loamy Soils, Sandy Soils",10,1.95,Moderate,15,Not Edible,Yes
Yellow-eyed Cerbera,Shrub,Cerbera odollam,"Botanical Gardens, Home Gardens",1.0 - 1.5,Moderate Water,Full Sun,Tropical,Loamy Soils,9,2.4,Moderate,4,Not Edible,Yes
Freshwater Mangrove,Medium Tree,Barringtonia racemosa,"Riparian Buffer, Public Parks",8.0 - 10.0,"Moderate Water, Lots of Water","Full Sun, Semi-Shade","Tropical, Sub-Tropical ",Loamy Soils,15,2.85,Moderate,10,Not Edible,Yes
Adam’s yucca,Shrub,Yucca gloriosa,"Botanical Gardens, Home Gardens",1.0 - 1.5,Little Water,Full Sun,"Arid, Semi-Arid",Loamy Soils,5,1.45,Moderate,2,Edible,Yes
Dwarf black plum,Small Tree,Syzygium cumini,"Home Gardens, Community Gardens",3.0 - 4.0,Moderate Water,Semi-Shade,"Tropical, Sub-Tropical  ",Loamy Soils,10,2.4,Moderate,5,Edible,Yes
Ceylon Ironwood,Medium Tree,Mesua ferrea,"Urban Forest, Public Parks",7.0 - 10.0,Moderate Water,Full Sun,"Tropical, Sub-Tropical ","Loamy Soils, Clayey Soils",12,4.3,Moderate,15,Not Edible,Yes
Acacia Tree,Medium Tree,Acacia spp.,"Industrial Green Belts, Avenue Plantation",8.0 - 12.0,Moderate Water,Full Sun,Tropical,"Loamy Soils, Sandy Soils, Clayey Soils",15,3.15,Moderate,12,Edible,Yes
Horsetail Tree,Large Tree,Casuarina equisetifolia,"Riparian Buffer, Public Parks",12.0 - 20.0,Moderate Water,Full Sun,"Tropical, Sub-Tropical ",Loamy Soils,20,2.5,Moderate,10,Not Edible,Yes
False Ashoka,Small Tree,Polyalthia longifolia,"Avenue Plantation, Public Parks",3.0 - 5.0,Moderate Water,Full Sun,Sub-Tropical,Clayey Soils,18,2.95,Moderate,15,Not Edible,Yes
